England,Smith,632854
England,Jones,380441
England,Taylor,293387
England,Brown,283796
England,Williams,271532
England,Wilson,195974
England,Johnson,191454
England,Davies,175818
England,Patel,166747
England,Robinson,161345
England,Wright,159044
England,Thompson,157859
England,Evans,154661
England,Walker,151806
England,White,149521
England,Roberts,145964
England,Green,143420
England,Hall,141455
England,Thomas,138978
England,Clarke,135417
England,Jackson,134658
England,Wood,132216
England,Harris,131638
England,Edwards,128848
England,Turner,127933
England,Martin,123987
England,Cooper,122070
England,Hill,118613
England,Ward,116268
England,Hughes,116131
England,Moore,115697
England,Clark,114204
England,King,112569
England,Harrison,111247
England,Lewis,110925
England,Baker,110252
England,Lee,106730
England,Allen,105396
England,Morris,104537
England,Khan,102864
England,Scott,102407
England,Watson,98554
England,Davis,96234
England,Parker,95779
England,James,90940
England,Bennett,90598
England,Young,88507
England,Phillips,87697
England,Richardson,87340
England,Mitchell,87050
England,Bailey,86818
England,Carter,86529
England,Cook,85580
England,Singh,84844
England,Shaw,84746
England,Bell,84249
England,Collins,82788
England,Morgan,82192
England,Kelly,79647
England,Begum,78903
England,Miller,78741
England,Cox,77655
England,Hussain,77516
England,Marshall,76794
England,Simpson,76078
England,Price,75759
England,Anderson,75303
England,Adams,73742
England,Wilkinson,73591
England,Ali,72981
England,Ahmed,72373
England,Foster,71523
England,Ellis,71226
England,Murphy,71218
England,Chapman,70611
England,Mason,67755
England,Gray,67649
England,Richards,66435
England,Webb,65838
England,Griffiths,65780
England,Hunt,64659
England,Palmer,63671
England,Campbell,63135
England,Holmes,62849
England,Mills,62253
England,Rogers,62214
England,Barnes,61288
England,Knight,61179
England,Matthews,60659
England,Barker,60260
England,Powell,60254
England,Stevens,58997
England,Kaur,58790
England,Fisher,58603
England,Butler,58594
England,Dixon,58505
England,Russell,58176
England,Harvey,57446
England,Pearson,56955
England,Graham,56009
Italy,Rossi,347288
Italy,Russo,220472
Italy,Ferrari,196529
Italy,Esposito,155359
Italy,Colombo,133381
Italy,Bianchi,133380
Italy,Romano,116971
Italy,Ricci,92667
Italy,Gallo,89904
Italy,Dal,87335
Italy,Bruno,87231
Italy,Greco,85434
Italy,Marino,85052
Italy,Conti,80842
Italy,Giordano,80486
Italy,Rizzo,77745
Italy,de Luca,77490
Italy,Costa,76312
Italy,Mancini,75932
Italy,Lombardi,71073
Italy,Barbieri,68949
Italy,Fontana,67129
Italy,Moretti,66622
Italy,Mariani,63759
Italy,Caruso,62244
Italy,Galli,62056
Italy,Ferrara,60317
Italy,Santoro,59253
Italy,Rinaldi,58114
Italy,Longo,58092
Italy,Villa,57809
Italy,Sala,57511
Italy,Leone,56858
Italy,Martini,56641
Italy,Dalla,55794
Italy,D'Angelo,53807
Italy,Bianco,53468
Italy,Martinelli,53366
Italy,Gatti,52832
Italy,Vitale,52000
Italy,Serra,51549
Italy,Coppola,50799
Italy,Gentile,50195
Italy,Cattaneo,49596
Italy,Ferri,49172
Italy,Messina,48779
Italy,Monti,48655
Italy,Marchetti,48458
Italy,Marini,48440
Italy,Fabbri,48220
Italy,Ferraro,47559
Italy,Lombardo,46984
Italy,Testa,46188
Italy,de Santis,46052
Italy,Grasso,45576
Italy,Parisi,44807
Italy,Amato,44736
Italy,de Angelis,44513
Italy,Pellegrini,44258
Italy,Riva,43495
Italy,Grassi,43140
Italy,Palumbo,42688
Italy,Conte,42066
Italy,Morelli,41714
Italy,Brambilla,41428
Italy,Sanna,40888
Italy,Farina,40792
Italy,Benedetti,40761
Italy,Pellegrino,40099
Italy,Valentini,39892
Italy,Rizzi,39808
Italy,Franco,39173
Italy,Caputo,39014
Italy,Carbone,38712
Italy,Fiore,38672
Italy,de Rosa,38613
Italy,Barone,38554
Italy,D'Amico,38321
Italy,Mazza,38144
Italy,Silvestri,38018
Italy,Martino,37889
Italy,Bernardi,37594
Italy,Rossetti,37385
Italy,Palmieri,36871
Italy,Giuliani,36474
Italy,Orlando,36013
Italy,Piras,35934
Italy,Locatelli,35863
Italy,Basile,35582
Italy,Castelli,35435
Italy,Pagano,35155
Italy,Ruggiero,35089
Italy,Sorrentino,35009
Italy,Pozzi,34785
Italy,Romeo,34357
Italy,Bellini,34022
Italy,Montanari,33985
Italy,Fumagalli,33974
Italy,Poli,33924
Italy,Rota,33873
Spain,Garcia,1496432
Spain,Rodriguez,942872
Spain,Gonzalez,939941
Spain,Fernandez,928518
Spain,Lopez,895188
Spain,Martinez,855332
Spain,Sanchez,829229
Spain,Perez,804100
Spain,Gomez,503688
Spain,Martin,495859
Spain,Jimenez,398306
Spain,Ruiz,385398
Spain,Hernandez,371021
Spain,Diaz,345576
Spain,Moreno,333583
Spain,Muñoz,291735
Spain,Alvarez,288686
Spain,Romero,229053
Spain,Alonso,206797
Spain,Gutierrez,198069
Spain,Navarro,188278
Spain,Torres,177665
Spain,Dominguez,160861
Spain,Ramos,151408
Spain,Vazquez,150831
Spain,Gil,148563
Spain,Ramirez,139529
Spain,Serrano,138220
Spain,Blanco,128745
Spain,Molina,127522
Spain,Morales,125749
Spain,Suarez,123671
Spain,Ortega,123228
Spain,Delgado,121614
Spain,Castro,120499
Spain,Ortiz,112138
Spain,Rubio,109919
Spain,Marin,106526
Spain,Sanz,98615
Spain,Iglesias,92972
Spain,Medina,92323
Spain,Nuñez,90990
Spain,Garrido,89394
Spain,Castillo,88304
Spain,Cortes,87123
Spain,Lozano,83737
Spain,Guerrero,82441
Spain,Santos,82152
Spain,Cano,81035
Spain,Prieto,77179
Spain,Cruz,74502
Spain,Mendez,74051
Spain,Calvo,73748
Spain,Vidal,73424
Spain,Gallego,72766
Spain,Herrera,72511
Spain,Cabrera,71658
Spain,Flores,71375
Spain,Peña,70608
Spain,Leon,69827
Spain,Marquez,69674
Spain,Campos,69091
Spain,Vega,67720
Spain,Fuentes,67360
Spain,Carrasco,65829
Spain,Diez,65040
Spain,Reyes,63836
Spain,Caballero,63109
Spain,Nieto,62934
Spain,Pascual,62500
Spain,Aguilar,62274
Spain,Santana,61650
Spain,Herrero,61314
Spain,Ferrer,59233
Spain,Lorenzo,59214
Spain,Gimenez,58937
Spain,Hidalgo,58574
Spain,Montero,58513
Spain,Ibañez,56627
Spain,Santiago,55967
Spain,Mora,55746
Spain,Vicente,55339
Spain,Vargas,54849
Spain,Arias,54778
Spain,Duran,54674
Spain,Benitez,54042
Spain,Carmona,53705
Spain,Crespo,52207
Spain,Pastor,52008
Spain,Soto,50258
Spain,Soler,49433
Spain,Roman,49149
Spain,Velasco,49037
Spain,Saez,48741
Spain,Moya,48336
Spain,Parra,47680
Spain,Esteban,47376
Spain,Bravo,46782
Spain,Rojas,46663
Spain,Gallardo,46635
Germany,Müller,945404
Germany,Schmidt,712881
Germany,Schneider,437827
Germany,Fischer,374260
Germany,Weber,327239
Germany,Meyer,324496
Germany,Wagner,299838
Germany,Becker,280423
Germany,Schulz,278916
Germany,Hoffmann,275891
Germany,Koch,230471
Germany,Richter,229569
Germany,Bauer,225707
Germany,Schäfer,222673
Germany,Klein,200299
Germany,Wolf,195172
Germany,Schröder,188859
Germany,Neumann,180118
Germany,Schwarz,166815
Germany,Braun,165592
Germany,Zimmermann,163406
Germany,Hofmann,159866
Germany,Lange,159346
Germany,Hartmann,155675
Germany,Krüger,154907
Germany,Krause,151218
Germany,Lehmann,149940
Germany,Schmitz,148664
Germany,Meier,148265
Germany,Schmitt,148138
Germany,Werner,145791
Germany,Schmid,142429
Germany,Schulze,137354
Germany,Maier,135544
Germany,Herrmann,130553
Germany,Mayer,126625
Germany,Köhler,125507
Germany,Walter,125228
Germany,König,125182
Germany,Huber,124400
Germany,Kaiser,122362
Germany,Peters,122017
Germany,Fuchs,118345
Germany,Möller,113584
Germany,Lang,113096
Germany,Scholz,112272
Germany,Jung,106649
Germany,Weiß,104983
Germany,Hahn,103826
Germany,Keller,101895
Germany,Berger,100833
Germany,Vogel,100244
Germany,Schubert,100193
Germany,Friedrich,99115
Germany,Frank,97071
Germany,Roth,96459
Germany,Winkler,95782
Germany,Beck,94995
Germany,Günther,94874
Germany,Lorenz,93636
Germany,Baumann,88038
Germany,Franke,86041
Germany,Albrecht,85048
Germany,Ludwig,81368
Germany,Winter,81271
Germany,Simon,80942
Germany,Schuster,80620
Germany,Schumacher,79965
Germany,Kraus,79427
Germany,Böhm,78636
Germany,Vogt,77326
Germany,Martin,76395
Germany,Stein,75606
Germany,Jäger,74486
Germany,Sommer,74298
Germany,Krämer,73859
Germany,Brandt,72510
Germany,Otto,72451
Germany,Heinrich,71122
Germany,Schulte,70614
Germany,Graf,70420
Germany,Haas,70059
Germany,Seidel,70000
Germany,Schreiber,68756
Germany,Groß,68355
Germany,Dietrich,67066
Germany,Engel,66184
Germany,Ziegler,65155
Germany,Horn,63471
Germany,Bergmann,63046
Germany,Pohl,62658
Germany,Kuhn,62611
Germany,Jansen,62427
Germany,Voigt,62091
Germany,Kühn,61689
Germany,Beyer,60934
Germany,Busch,60859
Germany,Thomas,60694
Germany,Hansen,60420
Germany,Lindner,59917
France,Martin,314502
France,Bernard,169361
France,Robert,140774
France,Richard,138260
France,Durand,134303
France,Dubois,132035
France,Moreau,130817
France,Simon,120851
France,Laurent,120188
France,Michel,116107
France,Garcia,115394
France,Thomas,115149
France,Leroy,109089
France,David,97149
France,Morel,92397
France,Roux,90492
France,Girard,87796
France,Fournier,87218
France,Lambert,86758
France,Lefebvre,79199
France,Mercier,79079
France,Blanc,78521
France,Dupont,77740
France,Faure,75590
France,Bertrand,74271
France,Morin,72254
France,Garnier,72071
France,Nicolas,71297
France,Marie,69907
France,Rousseau,69805
France,Bonnet,68906
France,Vincent,68123
France,Henry,65679
France,Masson,64657
France,Robin,64542
France,Martinez,63991
France,Boyer,61789
France,Muller,61384
France,Chevalier,60261
France,Denis,59932
France,Meyer,59613
France,Blanchard,59496
France,Lemaire,59465
France,Dufour,58745
France,Gauthier,58102
France,Vidal,57856
France,Perez,57674
France,Perrin,57350
France,Fontaine,56705
France,Joly,56607
France,Jean,56515
France,da Silva,54795
France,Gautier,54686
France,Roche,53898
France,Roy,53078
France,Pereira,53075
France,Mathieu,52735
France,Roussel,52361
France,Duval,51942
France,Guerin,51692
France,Lopez,51320
France,Rodriguez,51245
France,Colin,51045
France,Aubert,50553
France,Lefevre,50385
France,Marchand,50047
France,Schmitt,49691
France,Picard,49379
France,Caron,49073
France,Sanchez,48748
France,Meunier,48207
France,Gaillard,47916
France,Louis,47563
France,Nguyen,46703
France,Lucas,46489
France,Dumont,46093
France,dos Santos,46037
France,Brunet,45812
France,Clement,45658
France,Brun,45284
France,Arnaud,45169
France,Giraud,44856
France,Barbier,44509
France,Rolland,44230
France,Charles,42817
France,Hubert,42585
France,Fernandes,42249
France,Fabre,42238
France,Moulin,41915
France,Leroux,41811
France,Dupuis,41698
France,Guillaume,41600
France,Roger,41315
France,Paris,40671
France,Guillot,40252
France,Dupuy,39876
France,Fernandez,39664
France,Carpentier,39386
France,Payet,39249
France,Ferreira,39155
Holland,de Jong,91285
Holland,Jansen,83120
Holland,de Vries,78115
Holland,Bakker,61635
Holland,Janssen,59969
Holland,van Dijk,58026
Holland,Visser,55804
Holland,Smit,46824
Holland,de Boer,43543
Holland,de Groot,41079
Holland,Mulder,40955
Holland,Meijer,39867
Holland,Bos,39388
Holland,Vos,34090
Holland,Peters,33006
Holland,van der Berg,32887
Holland,Hendriks,31698
Holland,Dekker,31369
Holland,van Leeuwen,30803
Holland,Brouwer,29277
Holland,van den Berg,27565
Holland,Dijkstra,26854
Holland,de Wit,25921
Holland,Smits,25843
Holland,Kok,23322
Holland,Vermeulen,23079
Holland,de Graaf,22952
Holland,van der Meer,22653
Holland,Jacobs,22312
Holland,de Haan,21739
Holland,van der Linden,21094
Holland,Schouten,19177
Holland,van der Veen,19052
Holland,de Bruin,18908
Holland,van Vliet,18569
Holland,Willems,18536
Holland,Hoekstra,18031
Holland,van Beek,17839
Holland,Koster,17516
Holland,Maas,17185
Holland,van Dam,17017
Holland,Prins,16941
Holland,Verhoeven,16593
Holland,Huisman,16454
Holland,Blom,16311
Holland,Peeters,15829
Holland,Kuipers,15798
Holland,de Bruijn,15608
Holland,van der Heijden,15546
Holland,de Jonge,15508
Holland,Kramer,15371
Holland,Post,15283
Holland,van der Wal,15000
Holland,Kuiper,14842
Holland,van Veen,14798
Holland,Boer,14774
Holland,Groot,14451
Holland,Scholten,14348
Holland,Klein,14087
Holland,van Wijk,14031
Holland,Martens,13634
Holland,Veenstra,13604
Holland,Groen,13554
Holland,Vink,13407
Holland,Postma,13374
Holland,Bosch,13142
Holland,de Ruiter,13140
Holland,Koning,13130
Holland,Smeets,12985
Holland,de Lange,12919
Holland,Timmermans,12896
Holland,Jonker,12649
Holland,de Vos,12613
Holland,de Koning,12438
Holland,Hermans,12281
Holland,Gerritsen,12229
Holland,Schipper,12158
Holland,Van Loon,12011
Holland,Willemsen,11854
Holland,Evers,11639
Holland,Driessen,11569
Holland,Sanders,11522
Holland,Molenaar,11316
Holland,van Dongen,11302
Holland,Mol,11297
Holland,Bosman,11151
Holland,van Doorn,11058
Holland,van der Laan,10970
Holland,Verbeek,10800
Holland,de Leeuw,10772
Holland,van der Velden,10681
Holland,van der Meulen,10648
Holland,van der Horst,10642
Holland,Roos,10635
Holland,van der Heuvel,10570
Holland,Stam,10507
Holland,Hofman,10479
Holland,Muller,10432
Holland,Kroon,10410
Holland,Wolters,10250
Portugal,Silva,283326
Portugal,Santos,222145
Portugal,Ferreira,191083
Portugal,Pereira,173391
Portugal,Costa,154689
Portugal,Oliveira,145961
Portugal,Martins,138290
Portugal,Rodrigues,138045
Portugal,Sousa,130534
Portugal,Fernandes,119777
Portugal,Lopes,111030
Portugal,Gonçalves,107963
Portugal,Marques,107945
Portugal,Gomes,105812
Portugal,Ribeiro,105812
Portugal,Carvalho,104425
Portugal,Almeida,102349
Portugal,Pinto,101868
Portugal,Alves,93800
Portugal,Dias,85506
Portugal,Teixeira,79807
Portugal,Correia,78533
Portugal,Mendes,72344
Portugal,Soares,66880
Portugal,Vieira,65390
Portugal,Monteiro,65333
Portugal,Moreira,64267
Portugal,Cardoso,64021
Portugal,Duarte,63125
Portugal,Nunes,62304
Portugal,Rocha,55680
Portugal,Coelho,53859
Portugal,Neves,52321
Portugal,Reis,52321
Portugal,Pires,50141
Portugal,Cunha,49170
Portugal,Machado,47056
Portugal,Matos,47056
Portugal,Fonseca,46037
Portugal,Ramos,45235
Portugal,Tavares,44537
Portugal,Freitas,43989
Portugal,Simões,43102
Portugal,Cruz,42970
Portugal,Antunes,41045
Portugal,Figueiredo,40111
Portugal,Barbosa,38630
Portugal,Castro,37526
Portugal,Araújo,37196
Portugal,Azevedo,37196
Portugal,Lima,36818
Portugal,Lourenço,34195
Portugal,Faria,32327
Portugal,Morais,31987
Portugal,Andrade,31411
Portugal,Henriques,31261
Portugal,Mota,31242
Portugal,Pinheiro,30600
Portugal,Afonso,30506
Portugal,Barros,29524
Portugal,Miranda,28307
Portugal,Baptista,28251
Portugal,Melo,27703
Portugal,Guerreiro,27694
Portugal,Nogueira,27401
Portugal,Abreu,27279
Portugal,Borges,26722
Portugal,Brito,26156
Portugal,Campos,26052
Portugal,Vaz,26024
Portugal,Rosa,25910
Portugal,Maia,25807
Portugal,Esteves,25354
Portugal,Batista,25080
Portugal,Moura,24854
Portugal,Amaral,24448
Portugal,Gaspar,23174
Portugal,Leite,23061
Portugal,Jorge,22740
Portugal,Neto,22599
Portugal,Gouveia,22042
Portugal,Jesus,21985
Portugal,Branco,21976
Portugal,Valente,21900
Portugal,Pedro,21787
Portugal,Pinho,21466
Portugal,Loureiro,20485
Portugal,Filipe,19853
Portugal,Cabral,19607
Portugal,Luís,19570
Portugal,Miguel,19041
Portugal,Rebelo,18853
Portugal,Macedo,18834
Portugal,Garcia,18626
Portugal,Couto,18286
Portugal,Amorim,18126
Portugal,Nascimento,18117
Portugal,Leal,18098
Portugal,Guimarães,17984
Portugal,Vicente,17881
Belgium,Peeters,41260
Belgium,Janssens,37577
Belgium,Maes,31907
Belgium,Jacobs,25300
Belgium,Mertens,23591
Belgium,Willems,23325
Belgium,Claes,20551
Belgium,Wouters,19874
Belgium,Goossens,19552
Belgium,Dubois,18272
Belgium,de Smet,17411
Belgium,Pauwels,16685
Belgium,Vermeulen,16681
Belgium,Hermans,16474
Belgium,Lambert,16304
Belgium,Aerts,15584
Belgium,Michiels,14989
Belgium,Dupont,14956
Belgium,Martens,13752
Belgium,de Vos,13617
Belgium,Smets,13292
Belgium,Martin,13056
Belgium,van de Velde,13048
Belgium,Desmet,12963
Belgium,Hendrickx,12787
Belgium,van Damme,12718
Belgium,Claeys,12711
Belgium,Devos,12519
Belgium,Janssen,12407
Belgium,Stevens,12295
Belgium,Dumont,11848
Belgium,de Clercq,11742
Belgium,de Backer,11549
Belgium,Segers,11432
Belgium,Lemmens,11198
Belgium,Leroy,11065
Belgium,van den Broeck,10986
Belgium,Coppens,10801
Belgium,Simon,10393
Belgium,Wauters,10108
Belgium,Laurent,10094
Belgium,Leclercq,10066
Belgium,Renard,9745
Belgium,Denis,9549
Belgium,Verhoeven,9356
Belgium,Lejeune,9311
Belgium,Cools,8980
Belgium,Declercq,8920
Belgium,de Cock,8748
Belgium,Petit,8726
Belgium,Charlier,8725
Belgium,Thomas,8701
Belgium,Lemaire,8647
Belgium,Smet,8522
Belgium,Timmermans,8488
Belgium,de Smedt,8397
Belgium,de Meyer,8374
Belgium,Michel,8303
Belgium,Vandenberghe,8284
Belgium,Thys,8154
Belgium,Bertrand,8115
Belgium,de Ridder,8106
Belgium,Lenaerts,8072
Belgium,Cornelis,8037
Belgium,de Wilde,8021
Belgium,Bauwens,7993
Belgium,de Pauw,7990
Belgium,Verheyen,7973
Belgium,van den Bossche,7901
Belgium,Lefebvre,7897
Belgium,Mathieu,7863
Belgium,Carlier,7854
Belgium,Evrard,7826
Belgium,Baert,7759
Belgium,Verstraete,7750
Belgium,Moens,7698
Belgium,Lauwers,7661
Belgium,Bernard,7633
Belgium,Lambrechts,7616
Belgium,Bosmans,7434
Belgium,Bogaert,7405
Belgium,Geerts,7388
Belgium,Fontaine,7375
Belgium,Bogaerts,7264
Belgium,Verlinden,7262
Belgium,Gerard,7243
Belgium,Christiaens,7096
Belgium,Deprez,7071
Belgium,Verbeke,7015
Belgium,Vermeiren,7009
Belgium,Verschueren,6920
Belgium,Marchal,6918
Belgium,Beckers,6886
Belgium,Delvaux,6885
Belgium,Legrand,6884
Belgium,Jansen,6860
Belgium,Wuyts,6760
Belgium,Adam,6751
Belgium,Simons,6664
Belgium,Verstraeten,6605
Scotland,Smith,64005
Scotland,Brown,46009
Scotland,Wilson,43419
Scotland,Campbell,38926
Scotland,Thomson,38708
Scotland,Robertson,38150
Scotland,Stewart,36608
Scotland,Anderson,34539
Scotland,Scott,27435
Scotland,MacDonald,27052
Scotland,Murray,26955
Scotland,Reid,26220
Scotland,Taylor,24834
Scotland,Clark,23568
Scotland,Ross,21612
Scotland,Morrison,20870
Scotland,Young,20633
Scotland,Mitchell,20520
Scotland,Paterson,20449
Scotland,Watson,20313
Scotland,Walker,19778
Scotland,Fraser,19314
Scotland,Miller,18553
Scotland,Henderson,18450
Scotland,Graham,18281
Scotland,Davidson,17912
Scotland,Gray,17783
Scotland,Hamilton,17686
Scotland,Johnston,17520
Scotland,McDonald,17506
Scotland,Cameron,17312
Scotland,Duncan,17153
Scotland,Kerr,17015
Scotland,Martin,16689
Scotland,Hunter,16615
Scotland,Ferguson,16381
Scotland,Bell,16372
Scotland,Simpson,16034
Scotland,Grant,15817
Scotland,Kelly,15603
Scotland,Allan,15282
Scotland,MacKenzie,15242
Scotland,MacLeod,14561
Scotland,Black,13859
Scotland,MacKay,13670
Scotland,McLean,13653
Scotland,Russell,12401
Scotland,Marshall,12243
Scotland,Gibson,12179
Scotland,Wallace,12109
Scotland,Kennedy,12062
Scotland,Gordon,11791
Scotland,Sutherland,11591
Scotland,Milne,11382
Scotland,Burns,11211
Scotland,Wright,11174
Scotland,Stevenson,10895
Scotland,Wood,10778
Scotland,Craig,10750
Scotland,Johnstone,10634
Scotland,Muir,10539
Scotland,Watt,10529
Scotland,Munro,10355
Scotland,Murphy,10330
Scotland,Sinclair,10180
Scotland,White,10137
Scotland,McKenzie,10121
Scotland,Hughes,9943
Scotland,Ritchie,9934
Scotland,Jones,9908
Scotland,Cunningham,9646
Scotland,McKay,9591
Scotland,Millar,9471
Scotland,McMillan,9413
Scotland,McIntosh,9218
Scotland,Williamson,9189
Scotland,Bruce,9139
Scotland,Dickson,9127
Scotland,Crawford,9060
Scotland,Docherty,8969
Scotland,Douglas,8814
Scotland,MacLean,8446
Scotland,Fleming,8358
Scotland,Boyle,8261
Scotland,McGregor,8163
Scotland,Shaw,8133
Scotland,Christie,7989
Scotland,King,7978
Scotland,Jamieson,7735
Scotland,McLaughlin,7618
Scotland,Alexander,7612
Scotland,Lindsay,7571
Scotland,McIntyre,7543
Scotland,Aitken,7524
Scotland,Hay,7478
Scotland,Jackson,7445
Scotland,Hill,7362
Scotland,Currie,7356
Scotland,Williams,7252
Scotland,Forbes,7135
Greece,Papadopoulos,59044
Greece,Papadopoulou,37804
Greece,Papageorgiou,23713
Greece,Oikonomou,21370
Greece,Papadimitriou,19790
Greece,Georgiou,18072
Greece,Papaioannou,17943
Greece,Pappas,17038
Greece,Vasileiou,16793
Greece,Nikolaou,16675
Greece,Karagiannis,15282
Greece,Vlachos,14900
Greece,Antoniou,14828
Greece,Makris,14768
Greece,Papanikolaou,14651
Greece,Dimitriou,14303
Greece,Ioannidis,14117
Greece,Georgiadis,13812
Greece,Triantafyllou,13421
Greece,Papadakis,13206
Greece,Athanasiou,13100
Greece,Konstantinidis,12815
Greece,Ioannou,12492
Greece,Alexiou,11577
Greece,Christodoulou,11556
Greece,Theodorou,11202
Greece,Giannopoulos,10955
Greece,Nikolaidis,10189
Greece,Konstantinou,10077
Greece,Panagiotopoulos,9908
Greece,Michailidis,9905
Greece,Papakonstantinou,9882
Greece,Papathanasiou,9821
Greece,Antonopoulos,9766
Greece,Dimopoulos,9607
Greece,Karagianni,9529
Greece,Anastasiou,9510
Greece,Dimitriadis,9510
Greece,Pappa,9451
Greece,Vlachou,9330
Greece,Vasileiadis,9095
Greece,Giannakopoulos,8855
Greece,Angelopoulos,8792
Greece,Dimou,8727
Greece,Ioannidou,8644
Greece,Nikolopoulos,8641
Greece,Mylonas,8621
Greece,Stergiou,8489
Greece,Apostolou,8463
Greece,Petropoulos,8462
Greece,Lamprou,8405
Greece,Papadaki,8370
Greece,Christou,8357
Greece,Panagiotou,8274
Greece,Anagnostou,8207
Greece,Makri,8192
Greece,Konstantinidou,8101
Greece,Samaras,8094
Greece,Raptis,8088
Greece,Athanasopoulos,8042
Greece,Alexopoulos,8036
Greece,Christopoulos,8029
Greece,Stavropoulos,8018
Greece,Anagnostopoulos,7977
Greece,Markou,7824
Greece,Georgiadou,7772
Greece,Spanos,7657
Greece,Sidiropoulos,7626
Greece,Antoniadis,7575
Greece,Panagopoulos,7492
Greece,Efthymiou,7458
Greece,Spyropoulos,7441
Greece,Theodoropoulos,7353
Greece,Pavlidis,7331
Greece,Athanasiadis,7298
Greece,Apostolopoulos,7279
Greece,Petrou,7135
Greece,Michalopoulos,7097
Greece,Arvanitis,7055
Greece,Lazaridis,7015
Greece,Kontos,6993
Greece,Georgopoulos,6991
Greece,Panagiotidis,6964
Greece,Theodoridis,6962
Greece,Chatzis,6924
Greece,Anastasiadis,6767
Greece,Papavasileiou,6696
Greece,Papazoglou,6673
Greece,Vasilopoulos,6664
Greece,Iliopoulos,6646
Greece,Kostopoulos,6517
Greece,Politis,6483
Greece,Galanis,6473
Greece,Stavrou,6447
Greece,Apostolidis,6443
Greece,Paraskevopoulos,6442
Greece,Giannopoulou,6261
Greece,Diamantis,6168
Greece,Pantazis,6096
Greece,Andreou,6088
Ukraine,Melnyk,141260
Ukraine,Shevchenko,134372
Ukraine,Bondarenko,116925
Ukraine,Kovalenko,116023
Ukraine,Boiko,108189
Ukraine,Tkachenko,105827
Ukraine,Kravchenko,98326
Ukraine,Kovalchuk,91343
Ukraine,Koval,81331
Ukraine,Shevchuk,72428
Ukraine,Polyshchuk,67808
Ukraine,Bondar,65058
Ukraine,Olyinyk,62678
Ukraine,Yvanov,61105
Ukraine,Lysenko,58828
Ukraine,Moroz,58046
Ukraine,Marchenko,57550
Ukraine,Tkachuk,57417
Ukraine,Savchenko,57332
Ukraine,Rudenko,56109
Ukraine,Petrenko,54557
Ukraine,Klymenko,54173
Ukraine,Pavlenko,49182
Ukraine,Yvanov,49078
Ukraine,Kolesnyk,47650
Ukraine,Kravchuk,47609
Ukraine,Kuzmenko,46911
Ukraine,Ponomarenko,45298
Ukraine,Savchuk,44827
Ukraine,Vasylenko,44760
Ukraine,Levchenko,44464
Ukraine,Sydorenko,44320
Ukraine,Kharchenko,43107
Ukraine,Diachenko,42865
Ukraine,Karpenko,41891
Ukraine,Shvets,41864
Ukraine,Havrylyuk,41361
Ukraine,Lytvynenko,41027
Ukraine,Melnychuk,40967
Ukraine,Myroshnychenko,40327
Ukraine,Kulyk,38459
Ukraine,Panchenko,38415
Ukraine,Mazur,38198
Ukraine,Khomenko,38051
Ukraine,Romanyuk,38015
Ukraine,Kushnyr,37777
Ukraine,Yurchenko,37134
Ukraine,Popov,37110
Ukraine,Pavlyuk,37003
Ukraine,Tyshchenko,36489
Ukraine,Popovych,36134
Ukraine,Prykhodko,35879
Ukraine,Honcharenko,35752
Ukraine,Kostenko,35431
Ukraine,Kolomyets,35239
Ukraine,Kyrychenko,35058
Ukraine,Martynyuk,35022
Ukraine,Kostyuk,34270
Ukraine,Nazarenko,33652
Ukraine,Kravets,33637
Ukraine,Belous,33527
Ukraine,Tkach,33472
Ukraine,Semenyuk,33413
Ukraine,Romanenko,33318
Ukraine,Kozak,32578
Ukraine,Kovtun,32377
Ukraine,Nesterenko,32183
Ukraine,Myshchenko,32040
Ukraine,Yakovenko,32034
Ukraine,Fedorenko,31980
Ukraine,Zynchenko,31808
Ukraine,Popov,31492
Ukraine,Lytvyn,31490
Ukraine,Babych,31107
Ukraine,Tereshchenko,31017
Ukraine,Vovk,30922
Ukraine,Yshchenko,30648
Ukraine,Tarasenko,30461
Ukraine,Babenko,30367
Ukraine,Demchenko,30306
Ukraine,Makarenko,30044
Ukraine,Pylypenko,29879
Ukraine,Kovalev,29858
Ukraine,Onyshchenko,29308
Ukraine,Kuznetsov,29042
Ukraine,Zhuk,28889
Ukraine,Tymoshenko,28550
Ukraine,Shcherbyna,28398
Ukraine,Moskalenko,28274
Ukraine,Vlasenko,28025
Ukraine,Herasymenko,27961
Ukraine,Humenyuk,27702
Ukraine,Marchuk,27600
Ukraine,Yatsenko,27305
Ukraine,Radchenko,27074
Ukraine,Serhyenko,26882
Ukraine,Kornyenko,26856
Ukraine,Martynenko,26704
Ukraine,Velychko,26674
Ukraine,Hordyenko,26454
Russia,Ivanov,927695
Russia,Ivanov,881461
Russia,Kuznetsov,454051
Russia,Kuznetsov,436730
Russia,Petrov,429896
Russia,Smirnov,428055
Russia,Magomedov,385086
Russia,Petrov,383208
Russia,Smirnov,366247
Russia,Popov,365925
Russia,Popov,365778
Russia,Volkov,303909
Russia,Novikov,257629
Russia,Morozov,240256
Russia,Sokolov,230120
Russia,Pavlov,223226
Russia,Romanov,221963
Russia,Volkov,219101
Russia,Shevchenko,218170
Russia,Andreev,215723
Russia,Vasilev,211487
Russia,Vasilev,209526
Russia,Mikhaylov,209420
Russia,Novikov,205699
Russia,Makarov,205048
Russia,Morozov,194993
Russia,Sergeev,188877
Russia,Pavlov,188495
Russia,Zaytsev,187519
Russia,Sokolov,186252
Russia,Aliev,182109
Russia,Mikhaylov,181262
Russia,Nikolaev,179334
Russia,Romanov,179055
Russia,Zakharov,178591
Russia,Makarov,177125
Russia,Stepanov,176194
Russia,Lebedev,173529
Russia,Kozlov,173081
Russia,Nikitin,172419
Russia,Egorov,171174
Russia,Egorov,168709
Russia,Kozlov,165374
Russia,Nikolaev,163507
Russia,Stepanov,161534
Russia,Andreev,159923
Russia,Yakovlev,156775
Russia,Zakharov,155349
Russia,Kovalenko,154502
Russia,Frolov,154073
Russia,Orlov,153333
Russia,Sergeev,149836
Russia,Bondarenko,148553
Russia,Nikitin,145844
Russia,Zaytsev,144972
Russia,Medvedev,143321
Russia,Kotov,141895
Russia,Orlov,140463
Russia,Belov,138500
Russia,Kravchenko,138139
Russia,Borisov,137971
Russia,Mironov,137505
Russia,Alekseev,137151
Russia,Frolov,135452
Russia,Kuzmin,134812
Russia,Kuzmin,128246
Russia,Yakovlev,128217
Russia,Magomedov,125039
Russia,Medvedev,124265
Russia,Antonov,123273
Russia,Belov,122693
Russia,Lebedev,122451
Russia,Alekseev,120187
Russia,Dmitriev,119461
Russia,Borisov,119232
Russia,Semenov,116710
Russia,Tarasov,116636
Russia,Melnikov,115591
Russia,Matveev,114864
Russia,Vlasov,113108
Russia,Fedorov,112281
Russia,Polyakov,111164
Russia,Antonov,110247
Russia,Zhukov,109606
Russia,Tkachenko,108924
Russia,Tarasov,107953
Russia,Sidorov,106652
Russia,Ilin,105425
Russia,Filippov,104872
Russia,Kim,104617
Russia,Mironov,103596
Russia,Aleksandrov,103294
Russia,Dmitriev,103248
Russia,Sorokin,103122
Russia,Isaev,102807
Russia,Kolesnikov,102666
Russia,Gusev,102234
Russia,Danilov,102035
Russia,Kotov,101112
Russia,Matveev,99379