player_id,name,club_info.squad_number,birth_year,position,secondary_position,left_foot,right_foot,ability.pace,ability.strength,ability.jump,ability.agility,ability.dribble,ability.pass,ability.shot,ability.tackle,ability.position,ability.goalkeep,club_info.contract,club_info.wage
1,K. Walker,2,1990,RIGHT_BACK,CENTRE_BACK,1,3,16,14,15,14,11,13,8,16,16,,3,5000000
2,R. Dias,3,1997,CENTRE_BACK,,,3,14,16,17,12,9,13,10,17,17,,6,5000000
3,J. Stones,5,1994,CENTRE_BACK,RIGHT_BACK,1,3,15,17,18,10,8,11,9,18,16,,5,6000000
4,N. Ake,6,1995,CENTRE_BACK,DEFENSIVE_MIDFIELDER,3,,14,16,14,14,10,13,11,16,16,,4,1500000
5,R. Sterling,7,1994,LEFT_WINGER,RIGHT_WINGER,,3,18,9,8,17,16,14,14,8,9,,2,10000000
6,I. Gundogan,8,1990,CENTRAL_MIDFIEDLER,ATTACKING_MIDFIELDER,2,3,12,14,12,14,16,17,16,9,14,,2,8000000
7,G. Jesus,9,1997,CENTRE_FORWARD,LEFT_WINGER,2,3,16,13,11,17,17,16,17,9,9,,2,8000000
8,J. Grealish,10,1995,LEFT_WINGER,ATTACKING_MIDFIELDER,1,3,16,10,13,16,16,17,17,9,10,,6,12000000
9,O. Zinchenko,11,1996,LEFT_BACK,LEFT_MIDFIELDER,3,,17,8,11,16,14,16,9,12,14,,3,5000000
10,Z. Steffen,13,1995,GOAL_KEEPER,,,3,10,12,16,13,,11,,14,,15,2,1000000
11,A. Laporte,14,1994,CENTRE_BACK,,3,1,11,17,18,10,10,13,11,17,15,,4,7500000
12,Rodri,16,1996,CENTRAL_MIDFIEDLER,DEFENSIVE_MIDFIELDER,,3,12,15,17,14,14,15,10,17,16,,3,7500000
13,K. De Bruyne,17,1991,ATTACKING_MIDFIELDER,CENTRAL_MIDFIEDLER,2,3,15,9,14,18,18,20,16,10,13,,4,15000000
14,B. Silva,20,1994,ATTACKING_MIDFIELDER,CENTRAL_MIDFIEDLER,3,1,16,8,10,17,17,18,14,9,13,,4,8000000
15,F. Torres,21,2000,CENTRAL_MIDFIEDLER,CENTRE_FORWARD,,3,16,12,15,15,15,16,15,8,10,,4,6000000
16,B. Mendy,22,1994,LEFT_BACK,,3,,15,14,14,12,14,15,9,15,16,,2,2000000
17,Fernandinho,25,1985,CENTRAL_MIDFIEDLER,ATTACKING_MIDFIELDER,,3,9,11,13,11,16,17,12,15,16,,1,6000000
18,R. Mahrez,26,1991,RIGHT_WINGER,ATTACKING_MIDFIELDER,3,2,16,8,14,17,17,17,18,8,10,,2,9000000
19,J. Cancelo,27,1994,RIGHT_BACK,RIGHT_MIDFIELDER,1,3,16,11,13,16,15,14,10,15,16,,4,4000000
20,Ederson,31,1993,GOAL_KEEPER,,3,,12,15,17,16,,13,,17,,18,5,5000000
21,S. Carson,33,1985,GOAL_KEEPER,,,3,10,13,15,14,,10,,13,,15,1,500000
22,Kayky,37,2003,RIGHT_WINGER,RIGHT_MIDFIELDER,3,1,14,12,12,15,14,15,13,8,8,,5,500000
23,P. Foden,47,2000,RIGHT_MIDFIELDER,ATTACKING_MIDFIELDER,3,2,16,12,11,16,15,16,17,8,10,,3,4000000
24,L. Delap,48,2003,CENTRE_FORWARD,SECOND_STRIKER,,3,13,12,13,14,10,11,14,8,8,,5,500000
25,C. Palmer,80,2002,CENTRAL_MIDFIEDLER,,,3,10,13,14,12,12,13,11,9,9,,4,500000
26,D. de Gea,1,1990,GOAL_KEEPER,,,3,10,12,17,18,,12,,15,,18,2,12000000
27,V. Lindelof,2,1994,CENTRE_BACK,DEFENSIVE_MIDFIELDER,,3,10,16,17,11,9,11,9,16,16,,3,5000000
28,E. Bailly,3,1994,CENTRE_BACK,,,3,10,13,17,10,9,10,9,17,15,,3,4000000
29,P. Jones,4,1992,CENTRE_BACK,DEFENSIVE_MIDFIELDER,,3,11,12,16,13,9,11,8,16,13,,2,6000000
30,H. Maguire,5,1993,CENTRE_BACK,,,3,10,16,19,12,9,11,10,18,16,,4,9000000
31,P. Pogba,6,1993,CENTRAL_MIDFIEDLER,ATTACKING_MIDFIELDER,1,3,13,16,17,15,17,16,17,15,15,,1,15000000
32,C. Ronaldo,7,1985,LEFT_WINGER,CENTRE_FORWARD,2,3,14,16,20,9,15,14,19,11,10,,2,25000000
33,J. Mata,8,1988,ATTACKING_MIDFIELDER,LEFT_WINGER,3,1,13,8,9,12,18,17,17,8,10,,1,10000000
34,A. Martial,9,1995,CENTRE_FORWARD,LEFT_WINGER,,3,17,14,14,13,16,13,15,8,8,,3,8000000
35,M. Rashford,10,1997,LEFT_WINGER,CENTRE_FORWARD,,3,16,13,15,15,14,15,16,8,9,,2,8000000
36,M. Greenwood,11,2001,CENTRE_FORWARD,RIGHT_WINGER,3,3,16,8,14,16,13,14,15,7,8,,4,5000000
37,L. Grant,13,1983,GOAL_KEEPER,,,3,8,13,14,12,,9,,14,,15,1,800000
38,J. Lingard,14,1992,ATTACKING_MIDFIELDER,LEFT_WINGER,,3,15,9,13,16,16,16,15,8,9,,1,4000000
39,Fred,17,1993,CENTRAL_MIDFIEDLER,DEFENSIVE_MIDFIELDER,3,1,15,9,9,16,15,16,12,12,14,,2,4000000
40,B. Fernandes,18,1994,ATTACKING_MIDFIELDER,CENTRE_FORWARD,2,3,15,9,13,17,16,18,15,9,13,,4,10000000
41,R. Varane,19,1993,CENTRE_BACK,,,3,10,16,18,13,10,11,10,18,15,,4,9000000
42,E. Cavani,21,1987,CENTRE_FORWARD,LEFT_WINGER,,3,12,11,14,10,16,13,17,11,8,,1,5000000
43,L. Shaw,23,1995,LEFT_BACK,,3,,15,11,11,14,14,14,9,15,15,,2,6000000
44,J. Sancho,25,2000,LEFT_WINGER,RIGHT_WINGER,2,3,16,11,11,16,16,15,12,8,8,,5,8000000
45,D. Henderson,26,1997,GOAL_KEEPER,,,3,12,14,16,16,,9,,14,,16,4,1000000
46,A. Telles,27,1992,LEFT_BACK,,3,1,14,9,14,14,15,14,12,13,15,,3,4000000
47,A. Wan-Bissaka,29,1997,RIGHT_BACK,,,3,15,11,13,15,10,9,9,14,13,,3,4000000
48,N. Matic,31,1988,DEFENSIVE_MIDFIELDER,CENTRAL_MIDFIEDLER,3,,8,14,16,8,11,15,10,16,18,,2,6000000
49,D. van de Beek,34,1997,ATTACKING_MIDFIELDER,CENTRAL_MIDFIEDLER,,3,14,11,14,16,14,15,13,10,12,,4,5000000
50,S. McTominay,39,1996,DEFENSIVE_MIDFIELDER,CENTRAL_MIDFIEDLER,,3,10,16,18,9,11,11,9,13,17,,4,6000000
51,Alisson,1,1992,GOAL_KEEPER,,,3,9,16,18,17,,11,,17,,18,6,9000000
52,Fabinho,3,1993,DEFENSIVE_MIDFIELDER,RIGHT_BACK,,3,12,14,16,15,14,15,12,17,16,,5,6000000
53,V. van Dijk,4,1991,CENTRE_BACK,,,3,9,19,19,9,9,10,10,19,18,,4,12000000
54,I. Konate,5,1999,CENTRE_BACK,,,3,10,15,18,9,8,9,8,16,15,,5,1000000
55,Thiago,6,1991,CENTRAL_MIDFIEDLER,ATTACKING_MIDFIELDER,2,3,13,11,12,16,17,18,14,8,12,,3,8000000
56,J. Milner,7,1986,CENTRAL_MIDFIEDLER,RIGHT_MIDFIELDER,1,3,10,13,12,14,15,16,16,17,17,,1,6000000
57,N. Keita,8,1995,CENTRAL_MIDFIEDLER,ATTACKING_MIDFIELDER,,3,15,11,13,16,14,15,14,14,15,,2,4000000
58,R. Firmino,9,1991,CENTRE_FORWARD,SECOND_STRIKER,1,3,16,16,16,15,14,16,18,10,10,,2,10000000
59,S. Mane,10,1992,LEFT_WINGER,RIGHT_WINGER,,3,18,12,12,16,16,15,17,8,10,,2,9000000
60,M. Salah,11,1992,RIGHT_WINGER,CENTRE_FORWARD,3,2,17,15,14,18,17,14,19,8,9,,2,10000000
61,J. Gomez,12,1997,CENTRE_BACK,,,3,11,14,18,11,8,10,7,17,15,,3,4000000
62,Adrian,13,1987,GOAL_KEEPER,,,3,9,14,17,16,,11,,16,,17,1,1500000
63,J. Henderson,14,1990,CENTRAL_MIDFIEDLER,RIGHT_MIDFIELDER,,3,11,17,17,12,12,16,10,15,17,,4,8000000
64,A. Oxlade-Chamberlain,15,1993,CENTRAL_MIDFIEDLER,RIGHT_MIDFIELDER,1,3,17,11,12,16,14,15,11,13,15,,2,7500000
65,C. Jones,17,2001,CENTRAL_MIDFIEDLER,LEFT_MIDFIELDER,,3,14,12,15,13,14,15,15,8,9,,4,1000000
66,T. Minamino,18,1995,LEFT_WINGER,RIGHT_WINGER,1,3,16,10,11,16,16,15,16,9,9,,3,5000000
67,D. Jota,20,1996,LEFT_WINGER,CENTRE_FORWARD,1,3,16,12,13,15,16,14,16,8,8,,4,7000000
68,K. Tsimikas,21,1996,LEFT_BACK,,3,,16,13,13,14,15,13,10,15,16,,4,4000000
69,A. Robertson,26,1994,LEFT_BACK,LEFT_MIDFIELDER,3,,18,10,13,16,14,16,11,16,17,,5,9000000
70,D. Origi,27,1995,CENTRE_FORWARD,LEFT_WINGER,,3,16,14,16,15,15,14,15,9,9,,1,5000000
71,J. Matip,32,1991,CENTRE_BACK,DEFENSIVE_MIDFIELDER,,3,10,18,19,9,9,9,10,17,15,,3,6000000
72,N. Phillips,47,1997,CENTRE_BACK,,,3,9,14,17,11,8,9,9,16,14,,4,3000000
73,T. Alexander-Arnold,66,1998,RIGHT_BACK,,,3,18,10,13,16,14,16,12,15,15,,4,7000000
74,H. Elliott,67,2003,RIGHT_WINGER,LEFT_WINGER,3,,16,8,9,16,15,14,16,8,8,,5,1000000
75,N. Williams,76,2001,RIGHT_BACK,,,3,15,12,14,15,11,13,9,15,15,,4,1500000
76,K. Arrizabalaga,1,1994,GOAL_KEEPER,,,3,14,16,17,15,,11,,16,,17,4,8000000
77,A. Rudiger,2,1993,CENTRE_BACK,RIGHT_BACK,,3,11,16,18,10,9,11,10,17,18,,1,7500000
78,M. Alonso,3,1990,LEFT_MIDFIELDER,LEFT_BACK,3,,11,16,17,12,13,15,16,13,14,,2,5000000
79,A. Christensen,4,1996,CENTRE_BACK,,,3,12,15,17,12,9,10,10,17,18,,1,6000000
80,Jorginho,5,1991,DEFENSIVE_MIDFIELDER,CENTRAL_MIDFIEDLER,1,3,15,11,15,17,16,16,14,15,16,,2,6000000
81,T. Silva,6,1984,CENTRE_BACK,,,3,10,15,15,10,13,12,13,19,19,,1,9000000
82,N. Kante,7,1991,CENTRAL_MIDFIEDLER,DEFENSIVE_MIDFIELDER,,3,16,18,9,17,13,14,11,20,17,,2,8000000
83,M. Kovacic,8,1994,CENTRAL_MIDFIEDLER,DEFENSIVE_MIDFIELDER,,3,17,12,15,16,15,15,15,16,16,,3,6000000
84,R. Lukaku,9,1993,CENTRE_FORWARD,,3,,10,20,18,9,11,14,18,10,8,,5,15000000
85,C. Pulisic,10,1998,LEFT_WINGER,ATTACKING_MIDFIELDER,,3,17,9,13,17,13,15,15,9,10,,3,5000000
86,T. Werner,11,1996,CENTRE_FORWARD,LEFT_WINGER,,3,17,13,14,15,13,14,15,9,11,,4,9000000
87,R. Loftus-Cheek,12,1996,CENTRE_FORWARD,ATTACKING_MIDFIELDER,,3,12,17,17,11,14,15,12,15,14,,3,5000000
88,M. Bettinelli,13,1992,GOAL_KEEPER,,,3,9,15,18,15,,10,,15,,16,2,1000000
89,T. Chalobah,14,1999,CENTRE_BACK,DEFENSIVE_MIDFIELDER,,3,11,16,17,12,9,13,10,17,15,,2,3000000
90,E. Mendy,16,1992,GOAL_KEEPER,,,3,9,17,18,14,,10,,17,,17,4,4000000
91,Saul,17,1994,CENTRAL_MIDFIEDLER,RIGHT_MIDFIELDER,3,1,15,14,15,16,17,17,15,14,15,,1,8000000
92,R. Barkley,18,1993,CENTRAL_MIDFIEDLER,ATTACKING_MIDFIELDER,1,3,15,16,15,12,14,15,14,13,12,,2,4000000
93,M. Mount,19,1999,ATTACKING_MIDFIELDER,CENTRAL_MIDFIEDLER,1,3,16,8,13,17,15,15,15,10,9,,3,3000000
94,C. Hudson-Odoi,20,2000,LEFT_WINGER,ATTACKING_MIDFIELDER,1,3,16,10,12,16,14,14,15,9,8,,3,2000000
95,b. Chilwell,21,1996,LEFT_BACK,LEFT_MIDFIELDER,3,1,17,14,14,16,13,14,10,15,16,,4,5000000
96,H. Ziyech,22,1993,ATTACKING_MIDFIELDER,RIGHT_WINGER,3,1,15,12,14,17,16,15,17,10,9,,4,6000000
97,R. James,24,1999,RIGHT_BACK,CENTRE_BACK,,3,15,16,15,11,14,14,10,16,16,,4,3000000
98,C. Azpilicueta,28,1989,RIGHT_BACK,LEFT_BACK,,3,15,15,14,11,15,16,12,15,17,,1,9000000
99,K. Havertz,29,1999,ATTACKING_MIDFIELDER,RIGHT_WINGER,3,2,15,12,17,17,16,17,17,9,11,,4,8000000
100,M. Sarr,31,1999,LEFT_BACK,CENTRE_BACK,3,,16,12,16,16,12,9,8,16,16,,4,4000000
151,H. Lloris,1,1986,GOAL_KEEPER,,3,,9,14,16,16,,10,,15,,18,1,6000000
152,M. Doherty,2,1992,RIGHT_BACK,RIGHT_MIDFIELDER,,3,15,15,16,14,14,13,10,16,17,,3,3000000
153,S. Reguilon,3,1996,LEFT_BACK,LEFT_MIDFIELDER,3,,17,12,13,16,16,17,10,15,16,,4,5000000
154,C. Romero,4,1998,CENTRE_BACK,,,3,14,16,17,15,11,13,10,16,16,,5,5000000
155,P. Hojbjerg,5,1995,DEFENSIVE_MIDFIELDER,CENTRAL_MIDFIEDLER,,3,14,16,16,13,13,16,11,15,16,,4,6000000
156,D. Sanchez,6,1996,CENTRE_BACK,,,3,12,15,17,14,10,13,10,16,16,,3,3000000
157,S. Heung-min,7,1992,LEFT_WINGER,CENTRE_FORWARD,3,3,18,12,14,18,17,14,17,8,8,,4,10000000
158,H. Winks,8,1996,CENTRAL_MIDFIEDLER,DEFENSIVE_MIDFIELDER,,3,15,13,15,16,14,16,11,15,16,,3,3000000
159,H. Kane,10,1993,CENTRE_FORWARD,SECOND_STRIKER,,3,14,17,17,14,15,17,18,9,9,,3,12000000
160,B. Gil,11,2001,RIGHT_WINGER,LEFT_WINGER,3,1,17,7,12,17,13,13,14,8,8,,5,4000000
161,E. Royal,12,1999,RIGHT_BACK,,,3,16,12,15,16,13,14,10,15,14,,5,4000000
162,J. Rodon,14,1997,CENTRE_BACK,RIGHT_BACK,,3,11,12,18,14,9,9,8,16,14,,4,3000000
163,E. Dier,15,1994,CENTRE_BACK,DEFENSIVE_MIDFIELDER,,3,11,16,17,11,10,12,10,16,16,,3,5000000
164,G. Lo Celso,18,1996,CENTRAL_MIDFIEDLER,ATTACKING_MIDFIELDER,3,1,15,13,14,16,16,16,14,10,10,,4,5000000
165,R. Sessegnon,19,2000,LEFT_MIDFIELDER,LEFT_WINGER,3,,17,11,14,16,13,14,14,11,10,,4,4000000
166,D. Alli,20,1996,ATTACKING_MIDFIELDER,CENTRAL_MIDFIEDLER,,3,16,16,16,14,16,17,17,10,11,,3,6000000
167,P. Gollini,22,1995,GOAL_KEEPER,,,3,9,17,18,15,,10,,17,,16,1,2000000
168,S. Bergwijn,23,1997,LEFT_WINGER,RIGHT_WINGER,,3,17,11,14,16,15,16,16,8,9,,4,4000000
169,J. Tanganga,25,1999,CENTRE_BACK,,,3,15,12,16,16,9,11,10,16,14,,4,2000000
170,L. Moura,27,1992,RIGHT_WINGER,LEFT_WINGER,1,3,16,10,12,15,16,16,17,9,8,,3,5000000
171,T. Ndombele,28,1996,CENTRAL_MIDFIEDLER,ATTACKING_MIDFIELDER,,3,17,15,14,16,15,15,12,17,16,,4,6000000
172,O. Skipp,29,2000,DEFENSIVE_MIDFIELDER,,,3,16,15,13,15,12,13,9,15,15,,3,2000000
173,B. Davies,33,1993,LEFT_BACK,LEFT_MIDFIELDER,3,,16,12,14,15,15,15,10,15,15,,3,6000000
174,J. Clarke,47,2000,LEFT_WINGER,RIGHT_WINGER,,3,17,12,13,16,13,13,14,8,8,,2,1500000
175,A. Whiteman,41,1998,GOAL_KEEPER,,,3,12,14,17,16,,9,,14,,15,3,1000000
176,B. Leno,1,1992,GOAL_KEEPER,,,3,9,14,17,16,,10,,15,,17,2,5000000
177,K. Tierney,3,1997,LEFT_BACK,CENTRE_BACK,3,,17,12,13,16,15,14,11,16,16,,5,5000000
178,B. White,4,1997,CENTRE_BACK,,,3,12,16,17,12,9,11,10,17,15,,5,6000000
179,Thomas,5,1993,DEFENSIVE_MIDFIELDER,CENTRAL_MIDFIEDLER,,3,15,15,16,16,14,15,12,17,16,,4,8000000
180,Gabriel,6,1997,CENTRE_BACK,,3,,12,14,17,13,13,13,12,16,17,,4,4000000
181,B. Saka,7,2001,LEFT_WINGER,LEFT_MIDFIELDER,3,1,17,11,13,16,15,15,14,13,13,,3,3000000
182,M. Odegaard,8,1998,ATTACKING_MIDFIELDER,RIGHT_WINGER,3,1,16,11,14,17,16,17,16,9,9,,4,9000000
183,A. Lacazette,9,1991,CENTRE_FORWARD,,,3,15,14,14,15,14,14,17,10,9,,1,10000000
184,E. Smith Rowe,10,2000,ATTACKING_MIDFIELDER,CENTRAL_MIDFIEDLER,,3,15,12,15,15,15,16,14,8,9,,5,2000000
185,P. Aubameyang,14,1989,CENTRE_FORWARD,LEFT_WINGER,,3,13,16,17,12,15,14,18,9,10,,2,12000000
186,A. Maitland-Niles,15,1997,RIGHT_MIDFIELDER,DEFENSIVE_MIDFIELDER,,3,15,12,15,17,14,15,12,14,16,,2,3000000
187,R. Holding,16,1995,CENTRE_BACK,LEFT_BACK,1,3,13,13,17,15,10,12,9,16,14,,3,4000000
188,C. Soares,17,1991,RIGHT_BACK,RIGHT_MIDFIELDER,,3,15,13,11,16,13,13,9,15,16,,3,3000000
189,T. Tomiyasu,18,1998,RIGHT_BACK,CENTRE_BACK,1,3,11,13,16,13,14,13,10,15,16,,4,3000000
190,N. Pepe,19,1995,RIGHT_WINGER,CENTRE_FORWARD,3,1,17,12,15,16,15,13,16,8,8,,3,6000000
191,N. Tavares,20,2000,LEFT_BACK,RIGHT_BACK,3,2,16,11,15,15,13,14,10,15,16,,4,2500000
192,C. Chambers,21,1995,DEFENSIVE_MIDFIELDER,RIGHT_BACK,,3,16,10,15,17,12,14,10,16,15,,1,3000000
193,P. Mari,22,1993,CENTRE_BACK,,3,,10,16,17,10,10,11,11,17,14,,3,4000000
194,A. Lokonga,23,1999,CENTRAL_MIDFIEDLER,RIGHT_MIDFIELDER,,3,15,14,14,15,14,15,10,14,15,,5,3000000
195,M. Elneny,25,1992,DEFENSIVE_MIDFIELDER,CENTRAL_MIDFIEDLER,,3,14,14,14,16,14,15,13,15,15,,1,4000000
196,G. Martinelli,35,2001,CENTRE_FORWARD,LEFT_WINGER,,3,16,10,12,17,14,15,15,8,8,,3,2000000
197,E. Nketiah,30,1999,CENTRE_FORWARD,ATTACKING_MIDFIELDER,,3,16,10,13,17,14,11,15,8,8,,1,2000000
198,S. Kolasinac,31,1993,LEFT_BACK,CENTRE_BACK,3,,15,16,16,13,14,13,10,15,16,,1,3000000
199,A. Ramsdale,32,1998,GOAL_KEEPER,,,3,11,13,17,18,,9,,15,,16,4,8000000
200,G. Xhaka,34,1992,CENTRAL_MIDFIEDLER,DEFENSIVE_MIDFIELDER,3,1,15,15,15,14,15,14,14,15,16,,3,6000000
901,S. Handanovic,1,1984,GOAL_KEEPER,,,3,8,15,17,15,,10,,16,,18,1,5000000
902,D. Dumfries,2,1996,RIGHT_BACK,,,3,16,15,17,13,15,15,14,15,17,,4,5000000
903,R. Gagliardini,5,1994,CENTRAL_MIDFIEDLER,RIGHT_MIDFIELDER,,3,14,14,17,15,14,13,14,15,15,,2,4000000
904,S. de Vrij,6,1992,CENTRE_BACK,,,3,12,16,17,14,9,13,11,16,14,,2,5000000
905,A. Sanchez,7,1988,RIGHT_WINGER,LEFT_WINGER,,3,13,12,9,13,17,16,18,11,9,,2,8000000
906,M. Vecino,8,1991,CENTRAL_MIDFIEDLER,DEFENSIVE_MIDFIELDER,,3,10,15,16,10,14,14,13,16,16,,1,5000000
907,E. Dzeko,9,1986,CENTRE_FORWARD,,,3,8,14,17,9,11,14,18,9,9,,2,6000000
908,L. Martinez,10,1997,CENTRE_FORWARD,SECOND_STRIKER,1,3,15,16,13,17,14,13,17,9,8,,2,5000000
909,A. Kolarov,11,1985,LEFT_BACK,LEFT_MIDFIELDER,3,2,10,14,17,11,13,16,14,16,16,,1,4000000
910,S. Sensi,12,1995,CENTRAL_MIDFIEDLER,ATTACKING_MIDFIELDER,,3,16,10,9,17,15,14,14,14,16,,3,4000000
911,A. Ranocchia,13,1988,CENTRE_BACK,,,3,9,13,17,10,9,10,11,16,14,,1,6000000
912,I. Perisic,14,1989,LEFT_WINGER,RIGHT_WINGER,3,3,15,14,15,14,16,16,16,8,9,,1,6000000
913,J. Correa,19,1994,SECOND_STRIKER,LEFT_WINGER,,3,15,14,17,16,15,15,15,9,8,,1,5000000
914,H. Calhanoglu,20,1994,ATTACKING_MIDFIELDER,LEFT_WINGER,,3,16,14,14,16,15,16,17,10,10,,3,8000000
915,A. Cordaz,21,1983,GOAL_KEEPER,,,3,8,13,16,12,,10,,15,,16,1,1000000
916,A. Vidal,22,1987,CENTRAL_MIDFIEDLER,DEFENSIVE_MIDFIELDER,,3,10,15,14,14,14,15,15,17,13,,1,5000000
917,N. Barella,23,1997,CENTRAL_MIDFIEDLER,DEFENSIVE_MIDFIELDER,,3,15,11,12,17,14,16,15,13,16,,3,5000000
918,C. Eriksen,24,1992,ATTACKING_MIDFIELDER,LEFT_MIDFIELDER,3,3,12,13,14,12,14,17,16,12,12,,3,6000000
919,F. Dimarco,32,1997,LEFT_BACK,LEFT_MIDFIELDER,3,,16,12,14,16,13,14,11,14,15,,2,4000000
920,D. D'Ambrosio,33,1988,RIGHT_BACK,CENTRE_BACK,1,3,11,15,15,13,14,13,11,16,15,,1,5000000
921,M. Darmian,36,1989,RIGHT_MIDFIELDER,LEFT_BACK,2,3,11,13,15,16,14,13,12,14,16,,3,4000000
922,M. Skriniar,37,1995,CENTRE_BACK,,,3,11,15,18,14,9,11,9,17,15,,2,7500000
923,M. Satriano,48,2001,CENTRE_FORWARD,,,3,14,13,16,15,12,13,14,8,8,,3,1000000
924,M. Brozovic,77,1992,CENTRAL_MIDFIEDLER,DEFENSIVE_MIDFIELDER,3,3,15,12,16,17,13,16,15,15,16,,1,6000000
925,A. Bastoni,95,1999,CENTRE_BACK,,3,,11,14,18,13,9,10,9,16,14,,3,4000000
926,C. Tatarusanu,1,1986,GOAL_KEEPER,,,3,7,16,18,14,,9,,13,,15,2,1000000
927,D. Calabria,2,1996,RIGHT_BACK,DEFENSIVE_MIDFIELDER,,3,16,12,13,16,15,15,11,16,15,,4,3000000
928,I. Bennacer,4,1997,CENTRAL_MIDFIEDLER,DEFENSIVE_MIDFIELDER,3,,15,12,13,17,15,16,13,15,15,,3,4000000
929,F. Ballo-Toure,5,1997,LEFT_BACK,,3,,16,9,15,17,15,16,10,15,15,,4,5000000
930,S. Castillejo,7,1995,LEFT_WINGER,RIGHT_WINGER,3,2,16,10,15,17,15,16,14,9,9,,2,4000000
931,S. Tonali,8,2000,CENTRAL_MIDFIEDLER,DEFENSIVE_MIDFIELDER,,3,15,14,15,13,13,14,12,15,14,,5,4000000
932,O. Giroud,9,1986,CENTRE_FORWARD,,3,2,8,16,17,12,16,14,17,10,10,,2,8000000
933,B. Diaz,10,1999,ATTACKING_MIDFIELDER,CENTRE_FORWARD,3,3,17,11,11,17,16,15,15,8,8,,2,6000000
934,Z. Ibrahimovic,11,1981,CENTRE_FORWARD,SECOND_STRIKER,3,3,7,14,16,10,17,17,20,9,9,,1,10000000
935,A. Rebic,12,1993,LEFT_WINGER,CENTRE_FORWARD,1,3,17,15,15,16,16,15,16,9,8,,4,6000000
936,A. Romagnoli,13,1995,CENTRE_BACK,,3,,14,14,17,16,10,10,10,16,15,,1,5000000
937,A. Conti,14,1994,RIGHT_BACK,RIGHT_MIDFIELDER,,3,16,13,15,16,14,15,11,14,15,,1,4000000
938,M. Maignan,16,1995,GOAL_KEEPER,,,3,12,14,17,17,,9,,14,,16,5,4000000
939,R. Leao,17,1999,CENTRE_FORWARD,LEFT_WINGER,1,3,15,13,16,13,14,14,15,8,8,,3,4000000
940,T. Hernandez,19,1997,LEFT_BACK,LEFT_MIDFIELDER,3,,17,12,15,16,15,16,16,15,14,,3,6000000
941,P. Kalulu,20,2000,CENTRE_BACK,,,3,14,11,14,16,10,11,9,16,15,,4,1000000
942,F. Tomori,23,1997,CENTRE_BACK,RIGHT_BACK,,3,15,13,16,15,11,10,10,16,15,,4,5000000
943,S. Kjær,24,1989,CENTRE_BACK,,,3,9,15,18,11,10,11,10,16,16,,1,5000000
944,A. Florenzi,25,1991,CENTRAL_MIDFIEDLER,RIGHT_BACK,,3,16,13,12,17,16,15,15,14,15,,1,5000000
945,J. Messias,30,1991,RIGHT_WINGER,SECOND_STRIKER,3,,16,13,13,16,16,13,14,10,10,,1,3000000
946,A. Plizzari,77,2000,GOAL_KEEPER,,,3,12,11,16,17,,9,,12,,14,2,900000
947,T. Bakayoko,41,1994,CENTRAL_MIDFIEDLER,DEFENSIVE_MIDFIELDER,,3,15,15,17,16,15,13,13,15,15,,2,4000000
948,M. Gabbia,46,1999,CENTRE_BACK,,,3,15,13,15,16,9,9,9,15,13,,3,1000000
949,A. Saelemaekers,56,1999,RIGHT_WINGER,LEFT_WINGER,,,16,12,14,17,15,15,13,8,8,,3,3000000
950,F. Kessie,79,1996,CENTRAL_MIDFIEDLER,DEFENSIVE_MIDFIELDER,,3,16,14,15,16,15,15,15,14,16,,1,5000000
976,W. Szczesny,1,1990,GOAL_KEEPER,,,3,9,14,18,16,,9,,14,,17,3,4000000
977,M. De Sciglio,2,1992,RIGHT_BACK,RIGHT_MIDFIELDER,,3,16,14,15,17,15,11,9,15,16,,1,5000000
978,G. Chiellini,3,1984,CENTRE_BACK,LEFT_BACK,3,,7,15,17,9,11,13,10,17,18,,2,7500000
979,M. de Ligt,4,1999,CENTRE_BACK,DEFENSIVE_MIDFIELDER,,3,12,14,17,12,10,10,11,17,15,,3,8000000
980,Arthur,5,1996,CENTRAL_MIDFIEDLER,DEFENSIVE_MIDFIELDER,,3,14,12,10,15,16,15,12,12,15,,4,6000000
981,Danilo,6,1991,RIGHT_BACK,LEFT_BACK,1,3,16,15,15,16,14,15,15,14,15,,3,5000000
982,A. Ramsey,8,1990,CENTRAL_MIDFIEDLER,DEFENSIVE_MIDFIELDER,3,3,14,14,15,16,15,16,16,13,15,,2,7500000
983,A. Morata,9,1992,CENTRE_FORWARD,RIGHT_WINGER,,3,14,16,17,13,15,14,16,10,9,,1,7000000
984,P. Dybala,10,1993,CENTRE_FORWARD,SECOND_STRIKER,3,1,16,13,13,18,16,15,17,9,9,,1,7000000
985,J. Cuadrado,11,1988,RIGHT_WINGER,RIGHT_BACK,,3,16,13,12,16,16,16,15,12,15,,1,6000000
986,A. Sandro,12,1991,LEFT_BACK,LEFT_MIDFIELDER,3,,16,11,15,17,15,16,13,13,14,,2,6000000
987,W. McKennie,14,1998,CENTRAL_MIDFIEDLER,RIGHT_MIDFIELDER,,3,16,15,14,13,14,15,15,14,15,,4,3000000
988,L. Pellegrini,17,1999,LEFT_BACK,LEFT_WINGER,3,,17,11,14,16,15,15,10,13,14,,4,2000000
989,M. Kean,18,2000,CENTRE_FORWARD,LEFT_WINGER,,3,17,11,15,17,13,11,16,8,8,,2,4000000
990,L. Bonucci,19,1987,CENTRE_BACK,RIGHT_BACK,,3,8,15,17,8,11,15,15,17,17,,3,9000000
991,F. Bernardeschi,20,1994,RIGHT_WINGER,LEFT_WINGER,3,,16,13,15,16,15,14,16,9,9,,1,5000000
992,K. Jorge,21,2002,CENTRE_FORWARD,,,3,16,8,14,17,14,14,15,8,8,,5,2000000
993,F. Chiesa,22,1997,RIGHT_WINGER,LEFT_WINGER,1,3,17,11,13,17,15,16,17,12,8,,1,5000000
994,C. Pinsoglio,23,1990,GOAL_KEEPER,,3,,9,13,17,16,,9,,14,,15,2,1000000
995,D. Rugani,24,1994,CENTRE_BACK,,,3,10,15,17,11,10,11,10,16,13,,2,4000000
996,A. Rabiot,25,1995,CENTRAL_MIDFIEDLER,DEFENSIVE_MIDFIELDER,3,,12,12,16,16,15,15,15,15,16,,2,6000000
997,M. Locatelli,27,1998,DEFENSIVE_MIDFIELDER,CENTRAL_MIDFIEDLER,,3,14,11,16,17,14,15,14,15,15,,2,6000000
998,R. Bentancur,30,1997,CENTRAL_MIDFIEDLER,DEFENSIVE_MIDFIELDER,,3,13,13,16,15,15,16,12,15,14,,3,5000000
999,M. Perin,36,1992,GOAL_KEEPER,,,,10,15,16,16,,9,,14,,16,2,3000000
1000,D. Kulusevski,44,2000,CENTRAL_MIDFIEDLER,RIGHT_WINGER,3,,16,12,16,15,14,15,16,8,9,,4,3000000
1801,B. Lecomte,1,1991,GOAL_KEEPER,,3,,11,14,15,17,,9,,14,,15,1,1000000
1802,J. Gimenez,2,1995,CENTRE_BACK,,,3,15,16,17,13,10,11,10,17,17,,4,8000000
1803,G. Kondogbia,4,1993,CENTRAL_MIDFIEDLER,DEFENSIVE_MIDFIELDER,3,,14,16,17,13,10,14,10,16,16,,3,7500000
1804,R. De Paul,5,1994,CENTRAL_MIDFIEDLER,RIGHT_WINGER,,3,15,13,15,17,16,17,15,14,12,,5,7500000
1805,Koke,6,1992,CENTRAL_MIDFIEDLER,LEFT_MIDFIELDER,2,3,15,13,14,17,16,18,15,13,14,,3,8000000
1806,J. Felix,7,1999,LEFT_WINGER,SECOND_STRIKER,3,3,17,9,13,18,16,16,16,8,9,,5,9000000
1807,A. Griezmann,8,1991,CENTRE_FORWARD,LEFT_WINGER,3,1,13,12,13,17,15,15,18,13,10,,1,15000000
1808,L. Suarez,9,1987,CENTRE_FORWARD,RIGHT_WINGER,,3,8,17,15,10,17,16,20,9,10,,1,12000000
1809,A. Correa,10,1995,RIGHT_WINGER,CENTRE_FORWARD,,3,16,12,11,17,15,16,16,10,9,,3,6000000
1810,T. Lemar,11,1995,LEFT_WINGER,ATTACKING_MIDFIELDER,3,,16,8,10,18,16,17,14,12,10,,2,6000000
1811,R. Lodi,12,1998,LEFT_BACK,,3,,16,10,13,17,16,14,12,15,12,,4,3000000
1812,J. Oblak,13,1993,GOAL_KEEPER,,,3,10,14,16,18,,9,,15,,20,2,8000000
1813,M. Lolorente,14,1995,CENTRAL_MIDFIEDLER,SECOND_STRIKER,,3,15,12,16,17,16,16,15,14,16,,6,7000000
1814,S. Savic,15,1991,CENTRE_BACK,RIGHT_BACK,,3,12,15,18,13,12,11,10,17,16,,3,5000000
1815,H. Herrera,16,1990,CENTRAL_MIDFIEDLER,ATTACKING_MIDFIELDER,,3,13,14,15,17,16,15,15,14,13,,1,5000000
1816,I. Saponjic,17,1997,CENTRE_FORWARD,,,3,11,16,17,10,11,11,15,12,9,,1,3000000
1817,Felipe,18,1989,CENTRE_BACK,,,3,10,15,18,11,11,12,10,18,15,,1,6000000
1818,M. Cunha,19,1999,CENTRE_FORWARD,LEFT_WINGER,,3,16,12,15,16,14,14,15,10,9,,5,5000000
1819,Y. Carrasco,21,1993,LEFT_WINGER,LEFT_MIDFIELDER,,3,16,13,15,17,16,16,16,9,11,,3,5000000
1820,M. Hermoso,22,1995,CENTRE_BACK,,3,,12,14,17,14,10,12,9,16,15,,3,5000000
1821,K. Trippier,23,1990,RIGHT_BACK,RIGHT_MIDFIELDER,,3,16,13,12,16,14,16,11,15,16,,2,5000000
1822,S. Vrsalijko,24,1992,RIGHT_BACK,,,3,15,14,15,15,14,15,10,15,16,,1,4000000
1823,S. Camello,,2001,CENTRE_FORWARD,,,3,16,8,13,16,14,12,15,8,8,,1,800000
1824,G. Simeone,27,2002,CENTRE_FORWARD,RIGHT_WINGER,2,3,15,12,12,15,13,13,14,8,8,,1,1000000
1825,R. Sanchez,30,2000,RIGHT_BACK,RIGHT_WINGER,,3,16,8,12,16,13,13,12,13,12,,1,1000000
1826,T. Courtois,1,1992,GOAL_KEEPER,,3,,8,18,20,16,,9,,14,,19,5,8000000
1827,D. Carvajal,2,1992,RIGHT_BACK,RIGHT_MIDFIELDER,,3,16,13,12,16,15,17,12,15,17,,4,6000000
1828,E. Militao,3,1998,CENTRE_BACK,RIGHT_BACK,,3,14,14,16,14,13,12,10,16,13,,4,5000000
1829,D. Alaba,4,1992,LEFT_BACK,CENTRE_BACK,3,,15,14,15,16,15,16,14,18,17,,5,12000000
1830,J. Vallejo,5,1997,CENTRE_BACK,RIGHT_BACK,,3,13,14,16,14,12,12,10,15,15,,4,4000000
1831,Nacho,6,1990,CENTRE_BACK,RIGHT_BACK,2,3,14,14,15,15,15,14,13,16,17,,2,6000000
1832,E. Hazard,7,1991,LEFT_WINGER,ATTACKING_MIDFIELDER,2,3,16,13,14,16,19,17,17,8,9,,3,15000000
1833,T. Kroos,8,1990,CENTRAL_MIDFIEDLER,ATTACKING_MIDFIELDER,,3,15,15,15,15,14,19,16,12,15,,2,8000000
1834,K. Benzema,9,1987,CENTRE_FORWARD,RIGHT_WINGER,3,3,13,16,16,16,16,16,18,9,11,,2,10000000
1835,L. Modric,10,1985,CENTRAL_MIDFIEDLER,ATTACKING_MIDFIELDER,3,3,9,11,11,15,16,19,16,9,12,,1,9000000
1836,M. Asensio,11,1996,LEFT_WINGER,RIGHT_WINGER,3,,16,13,15,16,15,16,17,9,8,,2,6000000
1837,Marcelo,12,1988,LEFT_BACK,LEFT_MIDFIELDER,3,,15,14,11,16,17,17,15,13,14,,1,8000000
1838,A. Lunin,13,1999,GOAL_KEEPER,,,,11,15,17,17,,9,,14,,15,3,1500000
1839,Casemiro,14,1992,DEFENSIVE_MIDFIELDER,CENTRAL_MIDFIEDLER,,3,14,17,16,15,13,14,13,19,18,,4,8000000
1840,F. Valverde,15,1998,CENTRAL_MIDFIEDLER,ATTACKING_MIDFIELDER,,3,16,14,15,17,15,16,15,14,16,,6,6000000
1841,L. Jovic,16,1997,CENTRE_FORWARD,LEFT_WINGER,3,3,16,15,15,14,14,13,17,9,8,,4,6000000
1842,L. Vazquez,17,1991,RIGHT_WINGER,RIGHT_MIDFIELDER,,3,16,13,13,17,15,16,16,13,14,,3,5000000
1843,G. Bale,18,1989,RIGHT_WINGER,LEFT_WINGER,3,,15,14,16,15,16,17,17,11,10,,1,25000000
1844,D. Ceballos,19,1996,CENTRAL_MIDFIEDLER,LEFT_MIDFIELDER,,3,15,8,13,17,16,16,15,10,14,,2,5000000
1845,Vinicius Jr.,20,2000,LEFT_WINGER,RIGHT_WINGER,1,3,18,9,12,17,16,14,14,8,8,,4,6000000
1846,Rodrygo,21,2001,LEFT_WINGER,RIGHT_WINGER,1,3,17,8,11,17,14,15,16,7,8,,4,4000000
1847,Isco,22,1992,ATTACKING_MIDFIELDER,CENTRAL_MIDFIEDLER,,3,13,11,13,16,17,16,15,8,12,,1,5000000
1848,F. Mendy,23,1995,LEFT_BACK,LEFT_MIDFIELDER,3,,17,13,15,16,14,15,11,16,15,,4,5000000
1849,Mariano,24,1993,CENTRE_FORWARD,,,3,16,15,15,16,13,13,16,9,9,,2,6000000
1850,E. Camavinga,25,2002,CENTRAL_MIDFIEDLER,DEFENSIVE_MIDFIELDER,3,,16,11,14,16,14,15,15,14,15,,6,6000000
1851,M. ter Stegen,1,1992,GOAL_KEEPER,,,3,12,15,16,18,,11,,15,,18,4,7000000
1852,S. Dest,2,2000,RIGHT_BACK,LEFT_BACK,,3,16,9,11,17,14,15,14,13,12,,4,4000000
1853,G. Pique,3,1987,CENTRE_BACK,DEFENSIVE_MIDFIELDER,,3,8,16,18,9,13,16,14,17,16,,3,8000000
1854,R. Araujo,4,1999,CENTRE_BACK,,,3,13,15,17,14,12,14,12,16,14,,2,2500000
1855,S. Busquets,5,1988,CENTRAL_MIDFIEDLER,DEFENSIVE_MIDFIELDER,,3,9,15,17,11,14,18,10,15,17,,2,7500000
1856,R. Puig,6,1999,CENTRAL_MIDFIEDLER,ATTACKING_MIDFIELDER,,3,14,7,8,17,15,17,14,7,9,,2,3000000
1857,O. Dembele,7,1997,RIGHT_WINGER,LEFT_WINGER,3,3,18,11,13,16,16,15,16,7,7,,1,10000000
1858,M. Depay,9,1994,LEFT_WINGER,CENTRE_FORWARD,,3,16,16,15,15,16,15,17,9,8,,2,5000000
1859,A. Fati,10,2002,LEFT_WINGER,CENTRE_FORWARD,1,3,16,7,13,17,15,15,17,7,8,,1,1000000
1860,Y. Demir,11,2003,ATTACKING_MIDFIELDER,RIGHT_WINGER,3,2,16,12,11,16,16,14,15,8,7,,1,1500000
1861,M. Braithwaite,12,1991,CENTRE_FORWARD,LEFT_WINGER,,3,16,15,15,15,15,12,15,12,9,,3,3000000
1862,Neto,13,1989,GOAL_KEEPER,,,3,9,15,17,17,,10,,14,,17,2,2500000
1863,P. Coutinho,14,1992,ATTACKING_MIDFIELDER,LEFT_WINGER,,3,15,10,10,16,16,16,17,8,9,,2,10000000
1864,C. Lenglet,15,1995,CENTRE_BACK,,3,,11,16,16,14,10,13,9,16,12,,5,4000000
1865,Pedri,16,2002,CENTRAL_MIDFIEDLER,LEFT_WINGER,1,3,16,9,11,18,16,16,14,9,11,,1,1200000
1866,L. de Jong,17,1990,CENTRE_FORWARD,SECOND_STRIKER,,3,10,16,17,9,12,14,16,10,9,,1,3000000
1867,J. Alba,18,1989,LEFT_BACK,LEFT_WINGER,3,,17,9,9,17,16,17,14,14,16,,3,6000000
1868,S. Aguero,19,1988,CENTRE_FORWARD,SECOND_STRIKER,2,3,15,14,13,15,17,16,19,10,8,,2,5000000
1869,S. Roberto,20,1992,CENTRAL_MIDFIEDLER,RIGHT_BACK,,3,12,11,14,17,15,15,15,13,14,,1,6000000
1870,F. de Jong,21,1997,CENTRAL_MIDFIEDLER,DEFENSIVE_MIDFIELDER,,3,16,14,15,17,16,17,15,15,16,,5,8000000
1871,O. Mingueza,22,1999,CENTRE_BACK,RIGHT_BACK,,3,14,15,16,15,12,13,9,15,15,,2,2000000
1872,S. Umtiti,23,1993,CENTRE_BACK,LEFT_BACK,3,,10,16,16,9,11,12,9,17,15,,2,7000000
1873,E. Garcia,24,2001,CENTRE_BACK,RIGHT_BACK,,3,13,14,15,15,11,14,10,16,15,,5,4000000
1874,Gavi,30,2004,CENTRAL_MIDFIEDLER,,,3,16,9,10,16,15,14,12,13,15,,3,500000
1875,A. Balde,31,2003,LEFT_BACK,,3,,16,10,10,16,14,13,9,13,14,,3,500000